{
  "career": "Full Stack Web Developer",
  "description": "A Full Stack Web Developer is responsible for developing both client and server software. In addition to mastering HTML and CSS, you'll need to learn JavaScript, Python, or Ruby and how to work with databases, APIs, version control, and hosting environments.",
  "roadmap": [
    {
      "title": "Learn HTML, CSS & JavaScript",
      "description": "Start with the fundamentals of web development. Learn how to structure web pages with HTML, style them with CSS, and add interactivity with JavaScript."
    },
    {
      "title": "Master a Frontend Framework",
      "description": "Learn a popular frontend framework like React, Vue, or Angular to build more complex user interfaces efficiently."
    },
    {
      "title": "Learn Backend Development",
      "description": "Choose a backend language (Node.js, Python, Ruby) and learn how to build APIs, handle authentication, and connect to databases."
    },
    {
      "title": "Database Management",
      "description": "Learn both SQL (PostgreSQL, MySQL) and NoSQL (MongoDB) databases to store and manage application data effectively."
    },
    {
      "title": "DevOps & Deployment",
      "description": "Learn how to deploy applications using cloud services like AWS, Google Cloud, or Heroku, and implement CI/CD pipelines."
    }
  ],
  "resources": [
    {
      "title": "The Odin Project",
      "description": "Free full stack curriculum with hands-on projects",
      "url": "https://www.theodinproject.com/",
      "type": "course"
    },
    {
      "title": "MDN Web Docs",
      "description": "Comprehensive documentation for web technologies",
      "url": "https://developer.mozilla.org/",
      "type": "website"
    },
    {
      "title": "Full Stack Open",
      "description": "Deep dive into modern web development",
      "url": "https://fullstackopen.com/en/",
      "type": "course"
    },
    {
      "title": "GitHub",
      "description": "Platform for version control and collaboration",
      "url": "https://github.com/",
      "type": "tool"
    },
    {
      "title": "Stack Overflow",
      "description": "Community for developers to learn and share knowledge",
      "url": "https://stackoverflow.com/",
      "type": "community"
    },
    {
      "title": "Web Development in 2023 Roadmap",
      "description": "Comprehensive guide to becoming a web developer",
      "url": "https://roadmap.sh/frontend",
      "type": "website"
    }
  ]
}